Deliveries,Dates
delivery 1,Monday
delivery 2,Monday
delivery 3,Monday
delivery 4,Monday
delivery 5,Monday
delivery 6,Monday
delivery 7,Monday
delivery 8,Monday
delivery 9,Tuesday
delivery 10,Tuesday
delivery 11,Tuesday
delivery 12,Tuesday
delivery 13,Tuesday
delivery 14,Wednesday
delivery 15,Wednesday
delivery 16,Wednesday
delivery 17,Wednesday
delivery 18,Thursday
delivery 19,Friday
delivery 20,Saturday
delivery 21,Sunday
delivery 22,Sunday
delivery 23,Sunday
delivery 24,Sunday
delivery 25,Sunday
delivery 26,Sunday
delivery 27,Sunday
delivery 28,Sunday
delivery 29,Sunday
